Model,Accuracy,Precision,Recall,F1-score,ROC-AUC,Brier Score,CV_AUC_mean,CV_AUC_std
Logistic Regression,0.7142857142857143,0.6086956521739131,0.5185185185185185,0.56,0.8229629629629629,0.16793272823586033,0.8333554817275747,0.03549163192174588
Random Forest,0.7597402597402597,0.6808510638297872,0.5925925925925926,0.6336633663366337,0.8147222222222222,0.16515584415584417,0.8120210409745294,0.027851878002517854
XGBoost,0.7337662337662337,0.6226415094339622,0.6111111111111112,0.616822429906542,0.8051851851851852,0.20254903335790744,0.7771400885935769,0.021595326111372472
MLP,0.6103896103896104,0.2857142857142857,0.07407407407407407,0.11764705882352941,0.3748148148148148,0.24693777730779384,0.7535741971207088,0.09216047062663708
Stacking Ensemble,0.7402597402597403,0.6666666666666666,0.5185185185185185,0.5833333333333334,0.802962962962963,0.17310241402293397,0.813702934662237,0.030498645480194393
